TASK,"Transform this dataset to return three columns. Store, Date and Sales. Categories should be grouped into one number.",,,,,,,,,,,,,,,,,,,,,,,,,,,,,,,,,,,,,,,,,,,,,,,,,,,,,,,,,,,,,,,,,,,,,,,,,,,,,,,,,,,,,,,,,,,,,,,,,,,,,,,,,,,,,,,,,,,,,,,,,,,,,,,,,,,,,,,,,,,,,,,,,,,,,,,,,,,,,,,,,,,,,,,,,,,,,,,,,,,,,,,,,,,,,,,,,,,,,,,,,,,,,,,,,,,,,,,,,,,,,,,,,,,,,,,,,,,,,,,,,,,,,,,,,,,,,,,,,,,,,,,,,,,,,,,,,,,,,,,,,,,,,,,,,,,,,,,,,,,,,,,,,,,,,,,,,,,,,,,,,,,,,,,,,,,,,,,,,,,,,,,,,,,,,,,,,,,,,,,,,,,,,,,
,,,,,,,,,,,,,,,,,,,,,,,,,,,,,,,,,,,,,,,,,,,,,,,,,,,,,,,,,,,,,,,,,,,,,,,,,,,,,,,,,,,,,,,,,,,,,,,,,,,,,,,,,,,,,,,,,,,,,,,,,,,,,,,,,,,,,,,,,,,,,,,,,,,,,,,,,,,,,,,,,,,,,,,,,,,,,,,,,,,,,,,,,,,,,,,,,,,,,,,,,,,,,,,,,,,,,,,,,,,,,,,,,,,,,,,,,,,,,,,,,,,,,,,,,,,,,,,,,,,,,,,,,,,,,,,,,,,,,,,,,,,,,,,,,,,,,,,,,,,,,,,,,,,,,,,,,,,,,,,,,,,,,,,,,,,,,,,,,,,,,,,,,,,,,,,,,,,,,,,,,,,,,,,,
Store,Cat,Ref1,01/01/2020,01/02/2020,01/03/2020,01/04/2020,01/05/2020,01/06/2020,01/07/2020,01/08/2020,01/09/2020,01/10/2020,01/11/2020,01/12/2020,01/13/2020,01/14/2020,01/15/2020,01/16/2020,01/17/2020,01/18/2020,01/19/2020,01/20/2020,01/21/2020,01/22/2020,01/23/2020,01/24/2020,01/25/2020,01/26/2020,01/27/2020,01/28/2020,01/29/2020,01/30/2020,01/31/2020,02/01/2020,02/02/2020,02/03/2020,02/04/2020,02/05/2020,02/06/2020,02/07/2020,02/08/2020,02/09/2020,02/10/2020,02/11/2020,02/12/2020,02/13/2020,02/14/2020,02/15/2020,02/16/2020,02/17/2020,02/18/2020,02/19/2020,02/20/2020,02/21/2020,02/22/2020,02/23/2020,02/24/2020,02/25/2020,02/26/2020,02/27/2020,02/28/2020,02/29/2020,03/01/2020,03/02/2020,03/03/2020,03/04/2020,03/05/2020,03/06/2020,03/07/2020,03/08/2020,03/09/2020,03/10/2020,03/11/2020,03/12/2020,03/13/2020,03/14/2020,03/15/2020,03/16/2020,03/17/2020,03/18/2020,03/19/2020,03/20/2020,03/21/2020,03/22/2020,03/23/2020,03/24/2020,03/25/2020,03/26/2020,03/27/2020,03/28/2020,03/29/2020,03/30/2020,03/31/2020,04/01/2020,04/02/2020,04/03/2020,04/04/2020,04/05/2020,04/06/2020,04/07/2020,04/08/2020,04/09/2020,04/10/2020,04/11/2020,04/12/2020,04/13/2020,04/14/2020,04/15/2020,04/16/2020,04/17/2020,04/18/2020,04/19/2020,04/20/2020,04/21/2020,04/22/2020,04/23/2020,04/24/2020,04/25/2020,04/26/2020,04/27/2020,04/28/2020,04/29/2020,04/30/2020,05/01/2020,05/02/2020,05/03/2020,05/04/2020,05/05/2020,05/06/2020,05/07/2020,05/08/2020,05/09/2020,05/10/2020,05/11/2020,05/12/2020,05/13/2020,05/14/2020,05/15/2020,05/16/2020,05/17/2020,05/18/2020,05/19/2020,05/20/2020,05/21/2020,05/22/2020,05/23/2020,05/24/2020,05/25/2020,05/26/2020,05/27/2020,05/28/2020,05/29/2020,05/30/2020,05/31/2020,06/01/2020,06/02/2020,06/03/2020,06/04/2020,06/05/2020,06/06/2020,06/07/2020,06/08/2020,06/09/2020,06/10/2020,06/11/2020,06/12/2020,06/13/2020,06/14/2020,06/15/2020,06/16/2020,06/17/2020,06/18/2020,06/19/2020,06/20/2020,06/21/2020,06/22/2020,06/23/2020,06/24/2020,06/25/2020,06/26/2020,06/27/2020,06/28/2020,06/29/2020,06/30/2020,07/01/2020,07/02/2020,07/03/2020,07/04/2020,07/05/2020,07/06/2020,07/07/2020,07/08/2020,07/09/2020,07/10/2020,07/11/2020,07/12/2020,07/13/2020,07/14/2020,07/15/2020,07/16/2020,07/17/2020,07/18/2020,07/19/2020,07/20/2020,07/21/2020,07/22/2020,07/23/2020,07/24/2020,07/25/2020,07/26/2020,07/27/2020,07/28/2020,07/29/2020,07/30/2020,07/31/2020,08/01/2020,08/02/2020,08/03/2020,08/04/2020,08/05/2020,08/06/2020,08/07/2020,08/08/2020,08/09/2020,08/10/2020,08/11/2020,08/12/2020,08/13/2020,08/14/2020,08/15/2020,08/16/2020,08/17/2020,08/18/2020,08/19/2020,08/20/2020,08/21/2020,08/22/2020,08/23/2020,08/24/2020,08/25/2020,08/26/2020,08/27/2020,08/28/2020,08/29/2020,08/30/2020,08/31/2020,09/01/2020,09/02/2020,09/03/2020,09/04/2020,09/05/2020,09/06/2020,09/07/2020,09/08/2020,09/09/2020,09/10/2020,09/11/2020,09/12/2020,09/13/2020,09/14/2020,09/15/2020,09/16/2020,09/17/2020,09/18/2020,09/19/2020,09/20/2020,09/21/2020,09/22/2020,09/23/2020,09/24/2020,09/25/2020,09/26/2020,09/27/2020,09/28/2020,09/29/2020,09/30/2020,10/01/2020,10/02/2020,10/03/2020,10/04/2020,10/05/2020,10/06/2020,10/07/2020,10/08/2020,10/09/2020,10/10/2020,10/11/2020,10/12/2020,10/13/2020,10/14/2020,10/15/2020,10/16/2020,10/17/2020,10/18/2020,10/19/2020,10/20/2020,10/21/2020,10/22/2020,10/23/2020,10/24/2020,10/25/2020,10/26/2020,10/27/2020,10/28/2020,10/29/2020,10/30/2020,10/31/2020,11/01/2020,11/02/2020,11/03/2020,11/04/2020,11/05/2020,11/06/2020,11/07/2020,11/08/2020,11/09/2020,11/10/2020,11/11/2020,11/12/2020,11/13/2020,11/14/2020,11/15/2020,11/16/2020,11/17/2020,11/18/2020,11/19/2020,11/20/2020,11/21/2020,11/22/2020,11/23/2020,11/24/2020,11/25/2020,11/26/2020,11/27/2020,11/28/2020,11/29/2020,11/30/2020,12/01/2020,12/02/2020,12/03/2020,12/04/2020,12/05/2020,12/06/2020,12/07/2020,12/08/2020,12/09/2020,12/10/2020,12/11/2020,12/12/2020,12/13/2020,12/14/2020,12/15/2020,12/16/2020,12/17/2020,12/18/2020,12/19/2020,12/20/2020,12/21/2020,12/22/2020,12/23/2020,12/24/2020,12/25/2020,12/26/2020,12/27/2020,12/28/2020,12/29/2020,12/30/2020,12/31/2020
1,1,11XXSYS,21651.48,22220.38,26729.38,23609.48,23783.26,21216.74,25371.05,26482.69,20471.96,27169.66,25545.24,25703.54,22114.79,28268.88,22433.65,23298.32,22837.4,26224.8,22625.41,20990.67,24109.65,29097.04,26936.5,20796,24048.65,29062.42,22922.92,25320.19,21321.98,25481.1,27007.37,21652.5,22027.09,20715.48,22724.9,26376.63,26283.46,26513.12,25551.2,27789.48,27194.5,22472.73,20256.32,25708.28,22822.78,20190.95,26704.77,24544.77,24041.35,28044.91,22605.22,29007.53,23961.27,24017.8,20789.32,21297.35,27329.01,22888.48,28508.02,29838.02,22032.47,24246.95,28585.74,26788.01,27696.46,26213.83,22834.57,29207.33,25036.65,27363.4,29746.59,25824.8,25830.93,24405.56,29683.84,22773.86,21851.05,20680.71,25874.72,29146.75,23414.84,26050.13,27243.61,21376.69,21996.9,28972.91,26357.02,28324.14,22642.51,22589.18,28031.53,25607.77,26678.99,24862,21241.92,23958.55,24543,21005.94,23554.17,26940.56,21046.24,23290.88,23647.31,22492.58,25175.64,26974.47,25340.29,24933.29,22913.89,20007.62,29380.8,25155.56,24804.51,27302.21,29737.23,24341.01,21482.66,25750.94,26954.33,27043.53,23295.03,27763.89,20898.23,26248.43,24756.92,25130.66,27851.63,20646.6,21016.15,23222.86,23825.92,27517.09,23531.72,21057.08,23934.54,26017.23,29633.81,25236,28640.95,26795.32,24351.89,29989.34,20193.23,21173.15,29279.2,21736.32,24357.14,27115.62,22499.88,24362.45,22533.2,20255.37,26645.59,26426.04,22480.45,26652.8,20157.53,24646.87,20458.9,24205.73,23517.81,29217.95,29272.18,25568.32,27902.27,22055.86,20617.69,28624.55,29364.86,26262.63,21607.31,25698.03,22094.09,29668.21,28501.53,29962.12,29129.01,24772.7,22135.54,28468.42,21246.5,23354.58,20542.61,29170.1,26043.35,20602.67,23571.38,20165.94,24840.52,27672.95,29258.04,22059.88,21786.31,21654.95,27563.18,28722.84,20252.65,27478.59,24647.26,25714.43,29305.26,27867.94,22345,24938.32,22502.81,20045.57,27788.43,21714.51,26575.32,20829.3,24597.98,26138.02,29221.31,22477.78,22668.61,22948.92,29914.6,22927.23,24222.89,26822.67,20359.5,24411.85,25540.96,21282.67,20833.35,22835.71,25400.31,23737.8,27983.39,27793.94,20534.74,23972.93,25383.64,28006.12,25968.34,29873.4,21524.27,21650.11,27658.59,24511.53,24019.31,25096.67,24830.23,27537.22,26610.78,24780,26651.67,29348.85,22702.01,28413.34,20027.16,26645.63,28428.37,25358.35,28615.3,23532.33,25737.69,24555.17,29040.56,28539.97,27559.37,28004.65,26507.06,20306.59,21090.69,20115.59,29417.33,21602.84,21400.48,21956.75,28527.62,24001.45,26143.07,24480.8,23462.5,28878.67,29433.35,21363.24,20383.83,24696.53,27852.72,28487.63,22200.43,27801.42,27920.36,20661.12,25056.45,22437.15,21086.93,26871.71,23705.02,26422.04,27510.98,28273.81,21962.78,29077.6,25397.93,21126.03,27538.9,22273.92,29583.46,22761.81,24467.52,26548.63,27647.42,26197.24,27373.12,21344.16,28718.3,26390.06,20366.93,27326.64,20093.36,26916.52,24727.18,26208.94,28737.31,25394.36,25922.37,22738.67,23556.03,22337.98,20591.95,27522.65,29133.28,21488.12,27032.91,28916.24,25348.13,29811.86,27992.04,20165.83,22032.66,25730.24,25560.89,24412.3,26854.81,20573.03,26487.38,24042.24,20458.57,29158.26,23227.2,21718.07,27319.87,22552.77,29935.09,28641.16,21933.58,24853.45,28484.19,27874.79,21411.26,21861.06,29752.8,26840.17,22000.87,20929.37,22411.54,25364.08,27908.56,22951.87,25869.33,27311.06,20105.29,23769.45
,2,12XXSYS,29452.8,24746.3,29871.17,25514.92,22202.3,23924.56,22613.11,21804.3,23934.44,29261.88,25717.6,23617.06,24847.96,27046.04,25778.67,20424.09,20214.79,28012.63,21377.68,29637.76,21980,28307.46,22317.82,27508.92,20763.84,21167.62,27173.51,28021.5,22657.73,26882.56,28993.91,24467.53,29377.63,22455.46,21241.18,29038.65,26219,23456.97,25168.25,25000.43,24767.87,29892.02,20669.54,27082.51,21057.32,25778.87,27747.4,29926.65,22760.7,20711.37,22621.55,24555.2,23513.23,28146.05,21718.6,29387.86,25590.68,26762.3,20181.79,28778.53,24021.29,24986.19,22070.67,27640.27,23372.71,24984.58,28658.41,20081.01,20341.85,28012.56,26603.63,25720.81,23986.76,22636.19,20805.55,26744.49,20105.48,26778.52,24185.4,20297.8,24627.28,27325.88,28462.61,24221.13,23162.11,20499.11,20756.04,29920.72,29087.73,27983.73,28508.82,28302.67,20771.13,23505.45,26758.88,27704.49,26747.94,28800.58,21964.76,20498.06,22417.58,23676.14,29308.79,22226.76,28052.66,20764.74,25432.03,27502.88,22927.89,28103.88,22049.24,21925.17,22250.04,21402.48,24781.51,20242.49,21601.1,28845.97,28737.77,20470.06,20903.6,22016.31,25709.19,21500.15,28906.26,26273.15,29173.11,22971.49,26813.31,24895.09,25427.92,28450.51,24364.6,28826.49,21403.51,28111.36,25002.21,27001.91,21466.76,21655.4,25147.3,26836.45,28134.29,28493.97,23122.74,22835.09,24735.02,29096.61,23511.82,26920.36,27955.97,21673.48,20890.4,27001.46,29318.13,25356.49,25045.5,24759.67,22268.76,27252.19,25992.63,28203.32,25884.62,25670.56,20407.77,25124.47,20777.39,27966.89,23586.05,29430.87,20214.96,23572.51,22316.81,22828.34,25806,21283.62,21851.27,22684.73,28705.5,29144.74,25344.9,27932.09,23945.64,26476.2,22931.78,26959.12,26129.9,28042.4,22863.38,20315.27,24962.11,22871.38,26290.85,29084.11,24328.46,24683.13,20320.16,24234.8,22202.74,20400.19,21447.54,29332.95,25838.39,23436.43,27384.04,23145.92,27053.59,21580.33,29461.14,20850.8,25554.14,23266.04,25285.17,26018.54,23198.37,22780.48,24810.73,29376.35,28324.32,26385.93,25483.84,20739.34,20172.96,25700.5,25854.31,22970.52,29031.43,28822.01,21422.48,24769.48,26628.35,27573.21,22909.81,29315.46,26119.79,25207.01,25168.02,21644.76,27948.44,22127.11,24167.85,26430.32,22546.93,28597.96,29953.38,22666.4,26762.35,26390.03,26511.81,24731.34,20235.38,22116.3,23249.12,25799.5,21632.52,24554.69,29322.72,20861.27,27064.47,29056.76,26898.39,22395.93,23075.77,27852.43,28641.39,20062.17,20756.14,23860.74,22630.7,23530.55,22676.11,24818.85,24654.43,24533.18,25895.85,23229.95,28928.92,20964.89,25438.73,24831.39,27512.1,26054.8,29261.69,27516.35,28469.24,29217.07,25953.23,29948.26,24481.44,21013.04,23174.37,22896.48,25144.28,20481.61,21747.19,26522.36,24208.5,21742.83,25206.02,23855.24,27365.82,27413.58,28781.97,20214.56,20739.41,20383.56,22375.99,27751.56,24469.73,29621.6,20489.13,25960.76,24490.12,22093.14,25442.53,24380.76,22534.42,22893.37,22339.51,28201.68,22047.22,20936.66,22628.48,28455.09,22223.4,22671.2,24759.22,28402.32,28320.42,22539.65,23280.44,23586.32,28985.67,20171.67,29069.2,28642.51,29712.21,28254.62,29770.82,25528.59,22833.82,29963.28,22069.79,21498.84,29237.75,26138.44,24756.76,20517.63,24647.83,22535.28,21789.67,26086.92,28051.43,21703.47,27906.9,24619.03,25669.63,26187.33,23171.36,20319.55,22405.9,24125.19,24667.62,22794.1,26013.3,20351.02
,3,13XXSYS,28168.43,28511.97,20926.26,27811.42,29290.22,21181.63,21958.92,22657.88,21253.86,27906.36,27084.6,20089.68,29256.51,25016.71,28419.14,28691.15,29102.5,25414.26,23976.26,22080.56,22934.58,27131.36,29689.7,25526.48,23141.3,29713.49,22470.03,22021.36,28489.71,24277.59,20010.2,27153.48,28833.62,27647.04,20779.27,29859.96,28682.6,26503,24531.33,28932.96,20205.81,28941.06,21447.08,25931.61,24248.38,24904.56,23033.78,27824.04,20112.19,24160.21,24409.55,23488.27,23569.3,26169.48,24174.04,25283.1,23368.45,28849.18,28762.96,29212.34,24832.48,23533.85,28566.38,24435.3,25897.74,21243.83,29012.59,27427.35,21198.6,20939.2,21076.62,23929.23,24957.59,21364.88,29400.56,25306.94,27599.15,28745.82,22801.06,29034.4,26085.91,26377.94,26554.27,28664.03,24782.47,26026.52,25356.25,22230.42,20002.88,28373.04,23919.33,21374.87,23569.84,28813.24,29929.53,25500.5,25873.98,29168.49,24022.88,22868.6,21400.72,25672.35,22151.91,28130.63,25871.75,27571.69,21016.42,27906.19,25534.54,20622.34,25145.32,23494.54,23169.04,29004.92,29523.36,24183.59,29653.87,29323.08,25275.98,27583.99,28099.48,20859.84,21328.01,26413.49,22408.6,29838.64,25276.53,28239.4,22480.52,23439.5,29039.49,24990.59,21763.61,20910.12,23942.77,28623.7,25988.11,27116.34,28474.03,23526.05,22568.61,22108.14,21702.9,29579.61,23320.91,24076.7,28467.83,27217.44,28065.37,22768.91,21721.35,23606.5,28509.49,27101.45,20508.07,20405.26,26563.46,24796.56,29297.67,21806.37,21401.05,22273.8,28565.85,29795.44,29437.04,21426.94,22602.11,24360.21,24467.99,26674.22,26673.58,24389.61,22562.29,29945.78,28409.01,22582.94,22019.17,25224.01,27619.43,26707.06,20045.59,27646.34,23801.16,22056.61,21046.23,20233.72,22478.91,27427.39,21377.7,22929.95,28151.73,25775.62,29722.86,25605.45,20602.99,28905.33,23877.01,24220.3,20105.09,25935.88,20603.69,21508.56,21133.9,29124.54,26055.72,24780,28472.16,27833.32,27393.66,29327.95,27287.05,23457.88,25918.69,21330.96,24746.52,23591.24,21140.03,22354.05,25147.84,29796.14,28382.15,26812.29,25446.91,21520.27,27899.23,26689.12,21295.33,27000.74,24457.01,28089.23,22702.08,20778.47,20011.82,21726.57,23166.13,23621.46,24560.72,27773.71,27491.3,29089.96,24826.86,28475.53,26824.05,28303.89,24882.47,27552.7,20692.31,27614.49,29459.26,23740.49,29071.71,21091.28,27537.21,23533.11,29060.46,25055.92,29103.55,21912.9,22147.78,22309.08,24526.65,27274.85,25175.6,20811.16,21967.21,25354.82,20833.36,28399.84,22346.4,27044.48,28523.99,25843.39,25216.76,24529.9,23543.01,28823.76,26470.57,24605.01,26838.18,26730.09,24786.28,23472.29,23758.16,27815.48,21335.22,29404.2,27207.48,20527.86,25433.95,27556.95,28793.94,29504.29,20155.05,28995.03,25544.2,27972.95,21943.04,23549.69,28065.05,24010.39,20629.13,29738.68,24182.11,29555.04,27807.5,29641.93,24818.86,29150.56,23451.53,25289.98,28024.94,27881.06,28601.04,20115.67,27508.77,22933.31,26039.41,27822.88,22219.44,28078.99,29448.56,27355.41,29103.22,29677.98,26755.72,21323.64,21287.87,26863.43,29275.39,28888.97,29513.3,24588.94,23699.32,26638.05,27489.81,28749.1,23645.68,28032.36,25000.83,28203.25,24952.58,22889.55,20343.61,27392.18,27795.78,27222.94,21394.86,28033.85,27673.96,23504.03,26784.57,24758.39,29639.3,29782.56,25701.47,29130.27,21828.87,22866.34,20626.22,24793.02,27882.13,24380.27,27515.03,28353.88,28277.51,26280.02
,4,14XXSYS,23004.96,25600.71,28707.55,22510.6,29913.49,28775.8,28967.87,21328.97,28989.44,24612.84,28185.64,28793.73,22433.16,21295.71,25783.37,27317.63,28563.3,24421.88,26282.1,26386.71,22167.88,25645.12,28844.53,24564.57,23087.24,27161.45,23596.06,25368.93,25663.7,25873.97,24359.86,23828.49,28995.48,27468.87,23939.79,26259.04,29159.21,21379.04,26103.38,21578.26,27155.16,20725.69,26366.63,20533.38,29399.98,26057.21,23184.65,29165.61,23356.71,26804.04,22795.8,22066.4,22911.23,27944.11,25870.95,29505.54,25217.7,23854.89,29808.65,28748.41,21127.68,26514.98,21923.01,27160.26,20425.83,20495.6,29443.74,21154.72,29401.64,29293.6,23304.7,26507.59,22808.68,26169,21964.98,23035.44,22588.66,26312.89,22854.02,24875.49,23897.8,20427.18,27358.45,26223.95,25824.84,25157.08,26685.39,27970.77,25951.75,20343.02,25692.22,25366.88,27664.81,23455.9,28111.1,23222.28,25238.38,22028.23,22113.03,20481.2,25813.38,24634.69,21800.85,22390.62,25620.96,25350.15,25652.55,25238.66,20933.95,21213,26438,22918.35,26244.85,21609.93,28540.92,29591.91,20327.51,23659.78,26853.26,29921.82,23855.38,21354.92,22340.29,29747.23,28462.95,28921.74,20762.44,24743.92,27229.94,28302.59,23724.83,28983.08,25863.27,25906.6,20013.89,24212.24,21251.61,24557.12,24789.29,23760.11,26138.84,22271.95,27346.68,23044.62,21815.84,29195.58,20100.41,27832.3,22517.71,25239.82,23485.48,22257.42,25361.95,29764.75,23770.67,24251.94,20402.32,22317.89,21241.87,25254.02,26235.6,21508.84,22981.8,28363,29784.56,24924.47,29238.02,29618.66,26900.82,25421.92,25672.07,23908.83,29895.84,25687.71,22686.99,22729.16,21391.61,23293.14,29513.56,24252.01,20137.18,22250.34,24858.41,26623.78,26272.65,28170.09,27885.03,22440.13,21535.9,28215.81,20288.28,29734.59,24302.03,26140.43,20601.36,26327.78,20467.71,25973.64,20078,24691.49,28793.19,24410.7,28664.7,23190.46,24907.95,27401.26,28307.68,24939.8,29358.88,21467.64,26415.81,24580.38,20846.58,25349.76,22296.68,25123.64,29603.01,25462.26,24544.67,22196.92,29044.51,28638.44,24906.99,25911.12,21531.5,21473.64,29317.02,21836.99,20037.07,29345.44,26926.91,25888.13,22567.78,21782.92,26454.85,22470.02,24108.34,26774.81,20829.31,28885.11,22064,28837.84,27858.32,23408.28,27601.75,26388.23,26502.99,21915.04,24058.77,23187.1,25989.58,26538.6,22546.14,21201.26,25478.38,22608.22,29768.91,27731.26,23265.93,27378.09,28066.94,27113.75,25956.78,21352.79,27794.23,21506.81,23126.03,23135.28,23038.72,29017.57,24067.37,26769.98,24498.39,27002.66,24249.26,25223.88,27622.45,23449.41,24340.75,28249.99,21123.71,21866.85,21284.96,26377.55,24006.66,24028.04,21688.26,23806.29,28332.06,23881.27,21496.77,23219.18,20444.42,23552.44,23923.78,25924.61,24726.13,25110.58,21246.07,23568.77,20262.12,24783.38,25734.15,27046.43,20454.99,28899.05,28006.36,28822.18,25091.09,29537.67,28807.1,24553.21,27092.82,26406.86,20938.2,28021.44,26994.19,20161.32,28650.39,28736.66,27985.81,20991.3,28653.81,27550.81,22349.41,23820.62,21318.42,27200.43,27194.44,27946.32,22880.86,24454.82,20115.92,29620.32,27815.78,21078.11,25993.02,28783.65,20290.45,29932.77,23308.7,20400.36,28446.67,28254.03,27366.77,27134.12,20957.23,24939.18,27818.88,20511,24721.51,21273.21,20875.47,28521.26,27135.54,22246.13,27762.59,29039.45,20906.04,22562.77,23769.32,28001.37,21554.72,27501.45,25770.63,21123.28
2,1,21XXSYS,27172.74,25766.29,26253.61,20746.24,28128.04,28538.42,21678.36,27356.2,26498.41,24827.53,24788.13,23727.36,29581.35,21116.33,28913.96,22633.73,24744.97,27755.19,29235.2,28737.97,25853.53,28554.06,28422.24,21369.7,28410.32,26778.92,20562.6,20707.6,21770.47,21498.58,23863.09,20028.2,22744.23,27423.87,27928.16,24372.34,23191.35,20310.3,23857.45,25667.63,22561.28,28453.5,24559.91,24780.76,22956.11,20849.14,25583.44,25919.92,24419.62,20201.27,20040.33,23467.15,24858.57,26193.97,29441.4,23858.64,26973.63,20474.19,22087.09,23141.98,22988.47,29205.96,25996.35,27728.03,26790.32,20469.11,20595.81,26018.74,25039.6,24335.05,24770.8,29900.25,24416.42,21486.3,27753.38,21155.15,29634.29,20620.29,23979.55,26066.73,27994.8,25373.64,26146.39,26827.96,29449.22,23436.62,29374.74,26030.34,24283,28610.58,27326.06,29614.65,21601.99,25493.44,29665.69,23925.94,22250.53,24032.78,26890.48,24861.72,24442.15,28785.66,29781.67,22024.22,21563.77,26346.59,20004.41,22971.1,20952.14,25139.92,26540.95,24716.32,22151.04,22585.94,20187.88,28329.39,20821.99,27934.66,20134.44,27840.79,26611.05,23446.62,28820.76,26508.42,22749.81,25364.29,28931.85,23660.12,23012.93,27256.39,21677.28,25664.25,26364.4,20210.38,28555.34,28219.1,26367.04,22789.93,22369.58,25305.97,27491.93,26989.44,25055.42,24002.32,25917.5,22489.5,20680.37,29559.75,29458.41,27729.22,20704.05,27997.3,26552.09,27371.21,24251.96,21801.77,29741.26,22603.46,22914.02,28765.43,25585.68,24729.65,21681.63,27071.93,22571.3,25610.23,28137.21,23983.38,25917.51,27349.54,20385.01,25998.64,20854.5,23629.87,22576.98,23509.96,22535.64,23022.98,27047.66,26105.26,29211.79,29025.87,20130.39,27176.04,22983.53,26737.9,21840.42,26356.81,20417.15,20627.15,24768.05,25974.57,28970.02,29546.32,25321.96,24869.75,25103.68,26109.54,26976.41,21479.6,21541.99,29581.86,28722.66,27940.56,22288.27,29569.88,23803.43,21292.46,21619.27,29699.18,24767.58,26308.2,24058.02,26699.3,25081.44,28314.03,23072.03,27814.03,23843.75,27065.42,23696.04,20379.87,21270.03,23653.6,28288.05,27974.14,25205.35,21371.91,27949.04,27663.16,28574.23,20278.73,24836.03,20132.57,21440.23,22739.72,24480.38,20307.38,20264.37,20509.85,22095.36,26183.36,23641.51,22139.13,27929.62,28505.17,24220.49,24616.91,29622.29,24946.98,20638.84,23139.89,29638.96,21043.65,25894.85,28457.86,20787.81,21749.56,21811.29,21592.91,26182.65,23967.67,29938.82,21286.95,28984.8,20705.6,24340.94,26896.72,22263.86,23146.22,21028.48,28975.53,22647.93,24288.3,28401.78,22983.61,23679.4,25906.61,26265.27,25112.59,22751.28,27923.79,24508.42,27523.64,27129.94,26606.31,29171.73,24719.68,29994.67,28112.35,20871.26,29044.74,27425.22,25195.81,25820.73,28509.73,21426.95,29694.28,28659.14,25174.36,25891.85,22860.67,22777.57,23889.45,20329.66,29413.5,26582.53,20303.06,27180.29,20437.46,21358.68,27650.65,24423.57,29407.43,26358.36,29329.91,29620.87,23752.85,24806.71,21537.22,26627.31,28557.22,29831.38,24255.1,24166.71,22709.95,22502.02,25227,27256.26,20764.44,20642.49,22611.44,23126.32,23979.84,25857.07,27015.89,29405.79,26095.1,21902.75,29300.47,26675.94,20340.73,24935.31,22818.39,27956.45,20502.43,29463.93,27948.64,22170.69,25825.06,23935.63,27093.98,20936.62,28697.62,27580.07,25782.01,26945.78,23854.28,28539.39,20017.69,21154.14,22947.4,21582.67,25742.36,26249.15,25250.19
,2,22XXSYS,23780.06,22287.93,22880.55,28654.56,29048.62,23903.76,22589.97,28738.92,28412.43,28606.03,26607.76,21711.41,26314.92,21505.98,28844.55,29637.7,24817,23847.62,22500.12,28463.24,22456.09,27328.86,26882.38,22096.6,29240.28,27019.53,27961.58,29742.18,26538.33,21193.03,22583.58,25030.49,27859.11,25489.22,29653.28,26425.34,20597.07,20434.27,25533.87,20991.87,23873.41,25243.27,24691.42,29538.08,23637.99,28483,29574.2,28447.9,20532.74,25037.42,28116.92,25251.99,21787.06,21668.86,26290.86,22205.51,27204.45,29473.95,23934.06,21812.55,27043.78,24448.32,29894.71,25692.21,24184.31,22409.46,20296.31,27622.16,21956.41,22638.99,26400.92,28127.42,23290.31,28177.13,22002.85,20831.56,29331.2,22621.25,29180.58,28331.04,29154.83,26831.57,28909.39,20579.57,25820.07,27556.92,28778.54,21838.49,27132.94,21703.13,24439.63,25073.42,26878.93,20127.02,22878.18,29163.94,29286.3,22455.9,26337.59,28572.46,22299.42,29405.38,28365.19,28312.05,24112.86,26992.36,25118.13,20421.83,23736.99,29486.98,24037.67,27278.18,21971.39,20297.14,27642.11,21173.26,20853.53,22323.61,26273.04,25378.68,22691.64,28104.93,22650.29,29180.67,24300.69,22832.81,29614.22,26328.59,27094.77,27062.47,21357.66,24549.59,21513.2,21456.23,27466.69,27912.74,21554.8,26066.16,21336.92,23756.87,24076.04,22682.53,21611.21,23404.07,27664.78,25041.55,29863.1,20861.1,24577.91,22603.61,27716.15,20117.49,29797.81,27113.43,29047.16,22924.93,27353.63,22141.61,28956.35,29587.07,20630.51,20534.7,29881.37,25369.15,25987.09,26980.74,25071.36,27903.05,23414.98,25829.09,29338.28,22907.22,28744.11,28912.36,21255.38,27454.81,29442.62,25520.38,28195.7,29493.55,20905.86,21900.53,27957.64,23595.03,21064.41,23340.26,22237.42,23745.97,24317.46,22485.2,23225.39,28064.13,29070.3,28498.66,28098.87,22407.67,22639.33,28826.68,25505.14,27771.85,24525.63,24688.87,28657.83,21725.38,25789.47,22315.83,28498.35,23173.27,27341.74,20744.35,28237.31,27624.3,26213.86,27640.31,22486.74,22982.09,26089,21892.86,21016.89,26118.88,21119.91,21280.42,21154.54,23847.42,29053.64,23435.27,23926.28,26020.28,22136.61,28252.15,21730.34,29943.91,27548.7,23777.26,20946.96,24697.1,29074.4,24644.19,29452.21,27151.24,26106.77,20179.4,23931.68,20337.08,28627.68,29251.19,27632.13,26304.91,25379.52,20539.24,21677.92,23358.72,23629.64,28254.11,28332.02,21595.87,27970.36,22022.24,25852.44,23825.33,25536.59,23719.05,29492.97,25113.04,23712.47,20296.17,25753.42,23825.78,23894.84,28858.3,28700.4,25313.07,24627.02,26733.36,23966.29,21112.29,22094.92,22168.27,22065.46,29528.42,24951.78,23549.5,22957.73,22094.63,24879.98,29681.49,22431.33,27252.38,25211.28,25022.28,26280.91,24306.42,20004.19,27529.26,27876.65,22091.92,25296.8,29629.8,20516.87,21804.89,24416.88,26192.23,29808.89,21500.83,29126.99,21000.03,23502.36,25294.51,21399.94,23972.91,22715.49,25085.66,27060.2,26518.15,20608.93,29483.21,25030.78,20478.82,26146.86,26254.91,25271.49,29117.84,23150.34,24404.78,23666.2,25250.03,21555.72,21831.58,21095.72,26079.31,22077.43,28491.69,20912.29,24634.34,29128.26,21675.63,21902.49,27777.02,22378.95,20143.99,22645.92,28546.1,27435.72,29149.68,24191.27,22152.4,26181.29,22814.33,22971.15,23751.75,24972.85,26686.74,28847.61,21399.9,24671.94,28357.34,21963.66,22494.05,29178.7,29112.32,20001.59,21110.44,24875.53,28684.71,21571.16,26578.81
,3,23XXSYS,21096.51,29605.03,23752.58,26434.42,29253.29,23571.89,23940.8,25623.85,21565.05,29053.24,27391.96,21299.93,23645.31,27910.94,28014.24,21341.22,25321.41,25642.25,24632.52,27566.7,24554.63,28639.25,27127.64,26356.75,25278.8,22243.75,28494.48,29114.79,21173.3,22414.97,23640.34,25021.85,20844.69,27176.47,29792.71,22957.07,25371.3,20159.03,26578.55,25835.41,20865.96,29523.09,26199.45,28410.84,29746.2,25210.53,26495.22,26769.12,27317.54,25163.11,21048.03,26976.32,28976.93,23690.61,26841.89,20060.28,24734.02,23734.7,28588.72,24218.68,28936.37,26211.38,20278.11,22244.72,20307.94,29699.28,23817.52,23169.72,26399.49,22324.97,26674.16,27236.3,23194.96,21988.09,22653.33,22546.59,29216.5,26629.85,22114.04,20369.22,21178.21,25421.09,20283.46,24583.97,27268.95,26247.96,23089.89,23821.09,25822.26,21734.25,24452.61,21332.2,27962.37,20439.57,25264.24,22820.42,28819.66,20476.54,21266.56,20510.01,21390.84,25475.21,20656.07,22567.68,28476.25,24236.44,25716.87,28164.57,22547.94,22839.3,27168.1,21277,24791.25,28308.24,22077.99,21816.73,24433.72,23399.89,26514.02,26861.75,27173.27,27840.13,21497.82,24462.58,29914.88,28862.21,24559.13,26559.02,22758.4,20011.56,26627.42,21467.67,28424.71,25267.77,23268.1,22366.11,20005.7,29514.62,27279.06,29569.45,23122.34,23110.85,21986.83,24894.6,28166.26,24604.87,24643.56,20663.25,29568.03,25124.53,26817.53,21308.17,25699.12,22889.59,28139.64,26712.49,21935.93,22356.41,20845.19,22353.26,26698.35,29584.81,23969.24,24576.64,20905.13,22626.01,26055.04,24247.01,22119.62,22356.3,20948.23,28415.89,21734.1,27597.47,26057.43,22226.68,24160.27,25736.81,21642.76,21723.52,22743.13,24524.63,29452.17,24158.51,29862.88,28270.38,20929.58,24074.19,27789.9,26741.12,27128.98,20304.57,29908.46,25802.68,20423.68,25670.21,23187.61,27325.55,21726.24,25716.04,27014.2,29552.93,23065.1,22813.46,24176.23,28467.83,25793.77,25924.05,29341.91,28975.65,24500.64,22035.87,27045.01,20714.6,26585.38,20572.38,25520.54,21565.98,20228.99,22288.83,26546.72,24970.49,25664.5,25727.75,26764.61,24520.65,22257.81,24162.49,21980.87,22194.03,27014.84,23434.09,26950.38,21004.46,24991.72,28364.69,20610.37,21758.7,24666.46,22379.89,29776.98,29114.94,22741.65,21269.65,27003.61,29551.4,20658.58,24634.8,29624.23,23248.73,23779.9,21728.88,23698.72,23142.93,28679.89,21632.3,29795.52,22810.4,24428.27,25909.55,24643.49,25865.02,21259.96,29975.57,20252.22,29432.69,23687.27,20206.02,28757.7,22157.35,22704.91,28553.24,21825.73,22322.68,28387.45,24438.18,22376.04,23424.19,23347.3,27345.51,29264.67,23584.29,24812.93,21039.54,28096.58,28163.74,28934.59,29785.85,22678.86,27905.47,25293.97,25837.38,24201.4,23842.97,21855.27,24950.98,22626.07,24113.47,22898.59,29337.59,24724.42,20568.49,27905.01,24822.66,20403.67,28445.82,27421.35,29588.85,25519.73,29969.45,20927.38,20168.73,26896.79,26096.46,27814.25,24656.85,20630.19,21567.26,22473.51,22836.84,29330.24,28185.43,25811.58,27444.03,21722.2,20651.08,29548.99,26182.56,22812.13,23652.94,29698.33,21710.98,27650.63,22790.76,25187.17,21533.87,22857.26,22595.55,29437.77,26729.02,22845.16,22480.85,23508.71,22346.51,20951.4,28625.91,27699.54,26872.58,21084.3,22017.57,28863.46,20196.31,25161.66,29490.67,23508.63,24859.05,24655.58,28698.92,21437.63,24997.57,29519.24,24327.03,23501.47,27791.11,21878.12,29711.26
,4,24XXSYS,23495.62,25262.69,25675.68,29192.34,27874.7,24655.41,26076.93,24663.91,24032.83,26815.31,21844,25374.32,24841.94,26754.16,21883.43,24473.69,21229.93,22178.32,28945.93,20044.67,26932.15,21474.22,22464.45,23965.51,25392.52,23416.04,21297.75,25831.45,20703.14,29325.44,28705.5,28281.14,26016.67,22090.81,20722.93,25180.91,22675.34,21534.19,27640.94,26180.71,29983.98,25659.23,25713.17,22888.1,27926.21,23336.99,29868.29,26391.38,26601.13,22342.99,27261.43,22111.25,25092.9,28395.07,22678.44,29042.1,20069.96,23580.11,20450.61,29871.58,26489.8,27788.92,23317.17,29384.17,21385.51,24438.1,25068.8,25600.11,26455.93,29015.79,24564.71,20079.5,27518.16,22994.02,29551.72,26119.87,29004.24,28036.75,26700.41,23385.75,21832.08,29271.16,21631.34,24547.46,28882.27,24683.04,27962.96,23851.6,26880.56,20285.87,21418.31,22234.98,28172.38,20712.1,25329.13,25191.72,29133.55,27891.52,24015.54,22393.34,22188.37,20446.72,26695.78,20301.47,24243.81,29422.02,20146.55,21286.02,26424.89,23552.18,26803.91,20673.35,21840.25,28148.24,22866.59,20721.48,27565.13,27285.16,23374.64,28768.05,21645.69,24407.54,22145.49,20536.96,27600.23,25311.89,27634.41,23745.5,23911.08,21007.53,27839.17,27146.31,20835.02,27273.94,24837.73,27475.58,20217.58,27386.88,23598.24,26316.47,26718.08,29766.69,28058.64,26213.86,25141.49,26415.21,23237.41,25369.15,25206.13,26624.08,28778.16,28649.95,23107.9,28583.81,21365.35,21379.97,21386.95,24649.31,25642.55,21368.12,27067.27,23228.98,23845.33,22501.69,24359.94,25034.55,27744.66,20722.61,24994.18,20026.58,27153.42,20239.57,20887.19,22683.22,22336.19,20669.79,20301.42,29598.42,28669.83,26317,25618.04,24154.28,26987.6,29509.76,25538.03,23036,20629.66,24961.35,23177.61,24080.52,29591.34,27338.16,22465.31,26917.03,27741.69,29333.79,24126.69,28214.3,25954.24,24060.7,28967.05,21949.22,29855.59,22213.73,26218.17,26222.81,20865.91,22375.21,25935.56,20576.83,22740.62,25035.41,29281.18,25220.83,24363.15,24738.74,25683.52,23632.56,29659.15,25747.43,22264.74,23847.91,29432.7,24470.64,24971.27,24186.98,21015.96,24774.85,28218.24,20066.21,20196.8,20567.11,28722.58,23580.45,25443.56,21490.33,24117.92,22349.63,26510.72,26449.99,21615.36,20412.38,25325.06,26171.05,26135.93,25451.98,27025.06,27708.35,26704.35,21727.82,24662.94,27279.75,24446.14,29852.02,28774.3,21433.35,26465.6,23956.18,27379.04,29270.54,24371.31,23206.77,20440.99,22013.4,28875.98,21486.29,20252.19,22522.25,20960.07,20088.5,26831.06,29432.45,20359.49,21459.56,20011.09,24513.2,27326.74,25348.03,26034.21,27435.15,27314.07,28233.65,26616.18,25673.62,26662.17,29643.76,29650.84,23718.46,25871.76,28324.01,23038.26,23056.54,25031.74,29583.13,28249.08,20444.93,24226.05,21881.99,29916.52,22398.79,26852.92,29181.27,26789.53,27960.08,26704.2,29421.5,27370.32,20877.65,27983.86,25022.16,27540.86,21837.1,22665.56,29262.28,20785.39,27229,24904.48,27119.68,23358.8,27322.47,20050.04,26499.21,23235,24519.21,28347.8,23588.07,25347.65,25570.74,26101.67,25684.1,27507.12,27286.09,28932.87,24401.32,25566.1,23493.21,27779.57,23364.89,21022.05,23782.57,29167.45,27536.16,24642.03,28564.8,27377.82,23771.84,26630.57,29832.04,29581.08,20159.84,25847.29,20056.71,28631.99,22635.64,22734.45,22544.71,29821.59,23103.3,24361.86,25744.18,27061.22,27960.01,25087.04,20501.28,24632.51,23970.75
